company,industry,size,year_founded,status,follower_count,tech_stack,benefits
Paylocity,"Human Resources, Payroll, Software Development / Engineering",5k-10k employees,1997,Public,150,"['aws', 'api-gateway', '.net', 'c#', 'sql-server', 'react-native', 'agile', 'kubernetes', 'sql', 'ruby-on-rails', 'css', 'python', 'amazon-ec2', 'aws-lambda', 'octopus-deploy', 'teamcity', 'infrastructure-as-code', 'cisco', 'f5', 'imperva', 'devops', 'swift', 'kotlin', 'cypress', 'postman', 'data-modeling', 'supervised-learning', 'nlp', 'machine-learning', 'cicd', 'docker', 'pyspark']","['100% Remote Opportunities in Product & Tech Teams', 'Tuition Reimbursement', 'Adoption Assistance', 'Milkstork program for moms who travel on business to ship breastmilk a', 'Health Advocacy Services: Concierge health services from Blue Cross &', 'Health and wellness programs ranging from Naturally Slim to Ovia Healt', 'Discounted Employee Stock Purchasing program', 'Volunteers In Action program for paid time off to volunteer', 'Onsite workout facilities and gym membership subsidies', 'Paid Parental Leave']"
Arthrex GmbH,"Medical Devices, Medical Imaging, Medical Software",5k-10k employees,1981,Private,17,"['angular', 'javascript', '.net', 'c#', 'azure', 'reactjs', 'typescript', 'swift', 'dynamics-365', 'github-copilot', 'power-platform', 'azure-openai', 'python', 'pcf', 'powerfix', 'citizendevelopment', 'copilotstudio']","['International and dynamic environment', 'Free lunch in our canteen (Mo-Thu)', 'Flexible working hours and partial mobile working opportunity', 'Plenty of room for innovation and working with new technologies', 'Competitive compensation package', 'Free hospital health insurance', 'Support in various life situations (e.g. childcare, care, etc.)', 'Company pension scheme']"
IT Sonix Custom Development GmbH,"Agile Software Development, Software Consulting, Software Development / Engineering",51-200 employees,2011,Private,167,"['java', 'spring', 'boot', '.net', 'core', 'c#', 'angular', 'javascript', 'react', 'vue', 'kubernetes', 'aws', 'devops', 'docker', 'user-experience', 'user-interface', 'agile', 'azure']","['Weiterbildung', 'Flexible Arbeitszeiten', 'Mobiles Arbeiten (Hybrid)', 'Jobticket', 'Jobrad', 'Sport & Gesundheit', 'Mittagsangebot/Kantine & Küchen', 'Kita-Zuschuss', 'Mitarbeitenden-Events: Spieleabende, monatliche After Works etc.']"
adjoe,"Ad Tech, Advertising Technology, Mobile Application",51-200 employees,2018,Private,368,"['ios', 'android', 'mobile', 'kotlin', 'elasticsearch', 'microservices', 'apache-kafka', 'apache-spark', 'devops', 'typescript', 'java', 'aws', 'druid', 'react-native', 'flutter', 'go', 'react', 'bash', 'golang', 'docker', 'kubernetes', 'packer', 'terraform', 'mysql', 'mongodb', 'swift', 'sql', 'json', 'protobuf', 'grpc', 'sentry', 'git', 'gitlab', 'gitlab-ci']","['Work with the newest technologies', 'Free in-house food and drinks', 'Flexible working hours with WFH days', 'Generous annual conference budget', 'Relocation support', 'Dog-friendly office', 'German class reimbursement and yoga classes', 'Free in-house gym', 'Regular company hackathons', 'Virtual stock options']"
GFT,"Banking, Cloud-Based Solutions, Financial Technology",1k-5k employees,1987,Private,167,"['java', 'angular', '.net', 'react', 'sql', 'python', 'rest', 'spring', 'node', 'aws', 'hibernate', 'android', 'ios', 'mongodb', 'azure', 'git', 'javascript', 'typescript', 'gcp', 'guidewire', 'dlt', 'kubernetes', 'scala', 'kotlin', 'spark', 'terraform', 'kafka', 'ansible', 'helm', 'docker', 'flutter', 'istio', 'bigquery', 'postgres', 'thoughtmachine']","['Worksmile - a cafeteria system. Monthly account funding for everyone.', 'Life insurance & Medical care for you and your family.', 'Work From Anywhere program: Italy,Spain,UK,Germany,Portugal,Bulgaria', 'Cloud certificates - mentoring, preparation, payment of the exam.', 'Access to e-learning,e.g. Pluralsight, Egghead, O’reilly, A Cloud Guru', 'Bee Well - wellbeing program + Mindgram platform', 'Conferences, meetups, events. Internal & external.', 'Gifts and celebrations.', 'Passion support groups & integration events like Thursday Happy Hours.', 'Sports card for you and your family. Mastercard gift or lunch card.']"
Pluralsight,SaaS,1k-5k employees,2004,VC Funded,401,"['.net', 'c#', 'c++', 'golang', 'java', 'javascript', 'kotlin', 'nginx', 'node', 'python', 'r', 'reactjs', 'ruby', 'scala', 'sql', 'swift', 'typescript', 'vue.js', 'asp.net', 'django', 'express', 'flask', 'node.js', 'on', 'rails', 'spark', 'tensorflow', 'junit-jupiter', 'jest', 'amazon-web-services', 'kubernetes', 'terraform', 'docker']","['Unlimited paid time off', 'Summer Fridays', 'Comprehensive medical, dental and vision coverage', 'Pluralsight subscription', 'Wellness reimbursement', 'Tuition reimbursement', 'Parental leave', '+Much more']"
S&P Global,"Artificial Intelligence, Business Intelligence, Financial Technology",10k+ employees,1860,Public,148,"['python', 'java', '.net', 'amazon-web-services', 'artificial-intelligence', 'large-language-model', 'containers', 'reactjs', 'angular', 'linux', 'unix', 'oracle', 'kubernetes', 'docker', 'powershell', 'api', 'machine-learning', 'data-science', 'microservices', 'selenium', 'devops', 'nosql', 'sql-server', 'sql', 'javascript', 'jmeter', 'elasticsearch', 'kafka-consumer-api', 'jakarta-ee', 'spring', 'boot', 'html', 'css', 'safe', 'salesforce', 'machine-learning-model', 'llm', 'node.js', 'jenkins', 'jvm', 'amazon-cloudtrail', 'rest', 'scala', 'google-cloud-platform', 'spring-boot', 'elastic-stack', 'postgresql', 'agile']","['Reproductive Wellness', 'Family Leave- Our parental leave offers 26 weeks of paid leave', 'Education Support and Matching Student Loan Support', 'PTO: No prescribed maximum amount of time off', 'Flexible Work Arrangements', '401k', 'Career Coaching', 'Phased Retirement', 'Give Back Days- 5 days off a year to give back', 'Wellbeing Support Program']"
National Security Agency,"Cybersecurity, Federal Agencies, Signals Analysis",10k+ employees,1952,Public,715,"['java', 'c', 'c++', 'angular', 'javascript', 'node.js']","['Work that contributes to the mission of protecting the nation', 'Friendly, welcoming culture that fosters innovation', 'Work/life balance', 'Flexible schedules', 'Continuing education and career development programs', 'Opportunities to move between various fields/positions across NSA', 'Mentorship opportunities and employee resource groups', 'Generous leave programs', 'Family and wellness resources', 'Onsite fitness facilities']"
ALDI SÜD IT,"E-Commerce, Information Technology, Retail",1k-5k employees,1913,Private,52,"['angular', 'asp.net-core', 'azure', 'bash', 'c#', 'continuous-integration', 'adobe', 'office365', 'dynatrace', 'elasticsearch', 'gitlab', 'itil', 'ivanti', 'kotlin', 'android', 'kubernetes', 'leanix', 'manhattan', 'wmoseemcsci', 'mariadb', 'maven', 'javascript', 'microsoft-sql-db', 'sql', 'pandas', 'php', 'php-8', 'piwik', 'postgresql', 'pwa', 'python', 'redis', 'rest', 'salesforce', 'sap-adm-synti', 'sap-ariba', 'sap-business-technology-p', 'sap-charm', 'sap-cpi', 'sap-cpt', 'sap-dev-gov', 'sap-em', 'sap-re-fx', 'sap-s4-hana', 'sap-s4', 'sap-solution-manager', 'sap-tm', 'servicenow', 'signavio', 'soap', 'spring', 'spryker', 'symfony', 'thinktime', 'vim', 'user-experience', 'xamarin', 'coupa-llamasoft', 'alteryx', 'comosoft', 'miro', 'sprinklr', 'celonis', 'tableau', 'hadoop', 'continuous-deployment', 'cicd', 'java', 'user-interface', 'vue.js', 'maui', 'tableau-desktop', 'spring-boot']","['30 days of annual leave', 'Holiday and Christmas bonus', 'Partial mobile working within Germany', 'Working time accounts', 'Remote work abroad', 'International projects', 'Modern equipment plus hardware budget', 'Bring your own device', 'Training and development, opportunity to attend fairs and conferences', '“MINT42” Canteen']"
Nord Security,"Cybersecurity, Network Security, Software Development",1k-5k employees,2012,Private,484,"['php', 'go', 'mysql', 'apache-kafka', 'symfony', 'echo', 'cassandra', 'docker', 'slim', 'kubernetes', 'rabbitmq', 'redis', 'javascript', 'typescript', 'redux', 'reactjs', 'node.js', 'next.js', 'c++', 'rust', 'swift', 'cocoapods', 'kotlin', 'dagger', 'kotlin-coroutines', 'c#', '.net', 'python', 'minio', 'apache-spark', 'jupyter']","['The opportunity to shape a more trusted and peaceful online future.', 'L&D support like conferences, internal meetups, books, and more.', 'Work with the latest technologies.', 'Stability. After bootstrapping for 10 years, we know stable growth.', 'Team buildings, parties, and opportunities to travel to HQ.', 'Flexible working arrangements built around the individual.', 'An international team. We’re 55+ nationalities and growing.', 'Gym membership, online & in-person workouts, mental health support.', 'Access to all Nord products, free of charge.', 'Learn from top minds in a cybersecurity unicorn.']"
Volvo Group,Transportation,10k+ employees,1927,Private,379,"['reactjs', 'javascript', 'java', 'python', 'c#', 'amazon-web-services', 'azure', 'devops', 'microservices', 'node.js', 'redux', 'graphql', 'styled-components', 'express', 'docker', 'mongodb', 'oracle', 'amq', 'influxdb', 'elk', 'rpa', 'sap-erp', 'sap-fiori', 'powerbi', 'rest', 'entity-framework', 'r', 'tensorflow', 'git', '.net']","['Freedom to explore, try and create', 'Dresscode: your code!', '140 nationalities across 190 nations working together', 'Compensations that make the difference - a solid benefits package', 'More than a job, you get a career and support to achieve your goals', 'You will be surrounded with the best IT talents', 'Being cared for is an important part of our culture']"
EMBL-EBI (EMBL's European Bioinformatics Institute),"Big Data, Data Science, Life Sciences",501-1k employees,1992,Public,165,"['javascript', 'java', 'angular', 'reactjs', 'node.js', 'python', 'scala', 'spring', 'apache-spark', 'drupal', 'wordpress', 'clickhouse', 'elasticsearch', 'lucene', 'mongodb', 'mysql', 'oracle', 'postgresql-9.1', 'solr', 'amazon-web-services', 'docker', 'google-cloud-platform', 'kubernetes', 'tomcat', 'github', 'gitlab', 'servicenow', 'jenkins']","['Private Health Insurance', '30 days annual leave plus 8 bank holidays', 'Visa support and generous relocation packages', 'On-site gym plus tennis, yoga and pilates classes', 'Financial allowances for non UK residents, Families and Children', 'Free campus busses', 'Subsidised cafes on campus', 'Hybrid working arrangements', 'Twice yearly pay increases', 'On site nursery and summer holiday clubs']"
Contentful,Software Development,501-1k employees,2013,VC Funded,244,"['javascript', 'ruby', 'typescript', 'swift', 'java', 'golang', 'node.js', 'kubernetes', 'amazon-web-services', 'postgresql', 'terraform', 'mks']","['Equity', 'Remote or Hybrid working locations available.', 'Generous Time off', 'Education Budget', 'Physical Fitness Budget', 'Monthly Phone/ Internet Stipend', 'Flexible Working Times', 'Medical Insurance available in some locations', 'Employee Assistance Program', 'Fertility and Family Planning Support']"
Crossover,"Education Technology, IT Recruitment, Software Development / Engineering",1k-5k employees,2014,VC Funded,64,"['artificial-intelligence', 'ruby-on-rails', 'javascript', 'python', 'c#', 'java', 'php', 'c++', 'kubernetes', 'amazon-web-services', 'aws-lambda', 'vl', 'cloud', 'openai-api', 'azure', 'ai', 'gpt-4']","['High pay in USD', 'Only the top 1% of developers in the world', 'Work from home with a flexible schedule', 'Interesting projects where you make a real impact', 'Cutting-edge AI-forward tech stack']"
TESCO PLC,"Information Technology, Retail",1k-5k employees,1919,Public,93,"['java', 'automation', 'node.js', 'docker', 'tdd', 'cicd', 'spring-boot', 'continuous-integration', 'cd', 'bdd', 'performance', 'security', 'amazon-web-services', 'azure', 'kanban', '.net', 'kotlin', 'mysql', 'automated-deployment']","['Blended approach to home and office working', 'A range of wellbeing services', 'Colleague bonus scheme']"
Sartorius,"Biotechnology, Life Sciences",10k+ employees,1870,Private,208,"['amazon-web-services', 'c', 'c#', 'c++', 'java', 'javascript', '.net', 'python', 'react', 'typescript', 'spring-boot', 'spring', 'azure-api-management', 'devops', 'sap-commerce-cloud']","['Collaboration in international project teams', 'Openness for your personal contribution, ideas and perspectives', 'Start-up culture in a corporation: agile culture & global scope', 'Flexible hours and opportunities to work remotely', 'Development and training to support your growth', 'Strong purpose: Be part of the solution in the fight against diseases', 'State-of-the art facilities and latest technology and equipment', 'Wide range of health support, e.g gym, medical check-ups', 'Regional benefits e.g. company restaurant, KiTa, bicycle & car leasing']"
Amperity,Customer Data Platform,201-500 employees,2015,Private,88,"['clojure', 'clojurescript', 'scala', 'node.js', 'apache-kafka', 'kubernetes', 'apache-spark', 'reactjs', 'python']","['Paid Time Off', 'Mentorship Program', 'Parental Leave', 'Health Insurance', 'Hybrid/Remote Work', 'Performance Bonus', 'Commuter Stipend', '401 K', 'Company Equity']"
"Jack Henry & Associates, Inc.®","Banking, Financial Technology, Software Development / Engineering",5k-10k employees,1976,Public,272,"['scala', 'go', 'ecmascript-harmony', 'docker', 'c#', 'objective-c', 'swift', 'kotlin', 'ruby', 'javascript', 'typescript', 'node.js', 'web', 'oauth', 'openid-connect', 'hugo', 'swagger', 'openapi', 'git', 'npm', 'yarn', 'json', 'jwt', 'confluent', 'kafka', 'tsql', 'visual-studio', 'sql-server', 'postgresql', 'kubernetes', 'prometheus', 'redis', 'android-3.0-honeycomb', 'datadog', 'cosmos']","['Flexible Work Hours', 'Remote Work Opportunities', 'Competitive Salaries', 'Employee Stock Purchase Plan (ESPP)', 'Awesome Health Insurance', 'Excellent PTO & Paid Holidays', 'Casual Business Attire', 'Paid Parental Leave', 'ComputerWorld Best Places to Work in IT', ""America's Top 100 Most Loved Workplace""]"
DISH,"Cloud Services, Information Technology, Wireless Communications",10k+ employees,1980,Public,159,"['amazon-web-services', 'azure', 'devops', 'f5', 'linux', 'sql', 'adobe-commerce', 'adobe-experience-manager', 'alm', 'ansible', 'apache', 'apache-kafka', 'api', 'apigee', 'bdd', 'c#', 'c++', 'cisco', 'aws-cloudformation', 'cloudnit', 'confluent-platform', 'docker', 'amazon-elastic-beanstalk', 'elasticsearch', 'esxi', 'fabric', 'gitlab', 'go', 'google-cloud-platform', 'influxdb', 'jakarta-ee', 'java', 'json', 'kanban', 'kubernetes', 'ian', 'unix', 'maven', 'minitest', 'mulesoft', 'mysql', 'newrelic', 'node.js', 'oauth', 'octane', 'okta', 'openai-api', 'perl', 'php', 'pyspark', 'python', 'rackspace', 'rdp', 'ready-api', 'redhat', 'redis', 'rest', 'rspec', 'ruby', 'saml', 'scala', 'scrum', 'selenium', 'shell', 'software-design', 'apache-spark', 'spring-boot', 'sql-server', 'ssh', 'swagger', 'tdd', 'terraform', 'hp-uft', 'vcenter', 'vmware', 'wan', 'xml']","['Diversity employee resource groups', 'Tuition reimbursement', 'Volunteer opportunities', 'Employee stock purchase plan', 'Promotion from within', 'Company sponsored family events', 'Family medical leave', '401(K) matching', 'Job training & conferences', 'Continuing education']"
Belden Inc.,Industrial Automation,5k-10k employees,1902,Public,86,"['opc-ua', 'node-red', 'network-security', 'c', '5g', 'linux-device-driver', 'u-boot', 'http', 'cloud', 'security', 'mpls', 'mqtt', 'machine-learning', 'c++', 'tcpip-networking', 'javascript', 'edge', 'embedded-linux', 'reactjs', 'wifi', 'artificial-intelligence', 'amazon-web-services', 'azure', 'industrial-iot', 'bitbucket', 'rest', 'jenkins', 'java', 'python', 'github']","['Employee stock purchase plan', 'Bravo recognition program for rewarding your efforts', 'Frequent learning and training opportunities', 'Talent management and pooling for your career advancement', 'Be Well events to support your health', 'Subsidized parental leave policy', 'Connect with Community: 5 extra days of paid leave for volunteer work', 'Voluntary Flex-Time program, offering additional days of flexibility', 'Commitment to sustainability, diversity, equity and inclusion', 'Hybrid work and flexible work hours, remote where feasible']"
Intuit,"Computer Software, Financial Technology",10k+ employees,1983,Public,654,"['java', 'kotlin', 'scala', 'play', 'spark', 'react', 'aws', 'k8s', 'spring', 'javascript', 'js', 'rds', 'graphdb', 'graphql', 'tomcat', 'nosql', 'aurora', 'dynamodb', 'kafka', 'redis', 'kubernetes', 'docker', 'c++', 'c#', 'iks', 'swift', 'springboot', 'mongodb', 'native', 'obj-c', 'jenkins', 'argo']","['Well-being for Life Reimbursement Program', 'Employee Stock Purchase Program', '401K Match', 'Paid Volunteer Time and Donation Matching', 'Paid Vacation', 'Medical/Dental/Vision Insurance, plus HSA and FSA', 'Parental Leave (Maternity & Paternity)', 'Adoption & Fertility Benefits', 'Transgender Benefits', 'Spotlight Recognition Programs']"
Audible,"Agile Software Development, Content Marketing, Web Technology",1k-5k employees,1995,Public,527,"['java', 'git', 'jquery', 'angular.js', 'requires.js', 'html5', 'css', 'css3', 'javascript', 'perl', 'python', 'ant', 'maven', 'jrebel', 'http', 'live', 'streaming', 'hds', 'smoothstreaming', 'amazon', 'web', 'services', 'ruby', 'cucumber', 'dojo', 'mason', 'jsp', 'junit', 'testng', 'selenium', 'sql', 'hadoop', 'ios', 'objective-c', 'android', 'underscore', 'js', 'sass', 'amd', 'node', 'ipad', 'spring', 'r', 'rstudio']","['Health, Vision, & Dental', 'Amazon Restricted Stock Units', 'Wellness Reimbursement/Onsite Gym', 'Tuition Reimbursement', 'Commuter Assistance', 'Catered Meals', 'Culture and Sports Clubs', 'Local Event Tickets', 'Flex Time', 'Newark Now! Live Local']"
SD Worx,"Cloud-Based Solutions, Financial Services, Product Development",5k-10k employees,1945,VC Funded,101,"['azure', 'azure-devops', 'amazon-web-services', 'asp.net', 'aspose', 'bootstrap-5', 'blueprism', 'cobol', 'c#', 'c++', 'css', 'cqrs', 'core', 'dynatrace', 'docker', 'domain-driven-design', 'elasticsearch', 'flutter', 'git', 'google-cloud-platform', 'html', 'ibm-cloud', 'java', 'jakarta-ee', 'javascript', 'jquery', 'kubernetes', 'knockout.js', 'model-view-controller', 'sql-server', 'reporting-services', '.net', '.net-core', 'npm', 'nuget', 'outsystems', 'odata', 'openid-connect', 'oauth-2.0', 'power-automate', 'postgresql', 'powerbi', 'postman', 'ranorex', 'reactjs', 'rabbitmq', 'sql', 'selenium', 'sonarqube', 'spring', 'scss-mixins', 'sap-successfactors', 'salesforce', 'shuttle', 'signalr', 'snowflake-cloud-data-plat', 'tableau-api', 'typescript', 'tdd', 'tsql', 'visual-studio-code', 'winforms', 'webapi', 'workflow-foundation', 'windows-server', 'x++', 'xamarin', 'xunit']","['An attractive salary based on your experience and achievement.', 'Flexible working hours', 'Working from home possibilities', 'Learning opportunities: development plans & professional trainings', 'Career growth opportunities: both vertically and horizontally']"
Zoi TechCon GmbH,"Cloud Computing, Cloud Services, IT Consulting",201-500 employees,2017,Private,97,"['aws', 'azure', 'google-cloud-platform', 'react', '.net', 'c#', 'node.js', 'typescript', 'javascript', 'kubernetes', 'terraform']","['Germany job ticket (payment of the total amount)', 'Bicycle leasing/company car leasing', 'IT equipment also for private use', 'Business and social events', 'Working hours that are truly flexible', 'Family First - family meeting rooms, participation in childcare costs', 'Continuous development opportunities with certifications and trainings', 'Performance Bonus Model with revenue share from the first day onwards', 'Friday Lunch (Team lunch sponsored by Zoi every Friday)', '20% of the working time can be used for personal growth']"
Discover Financial Svcs,"Banking, Financial Services",10k+ employees,1986,Public,154,"['javascript', 'tableau-api', 'powerbi', 'qlikview', 'teradata', 'hadoop', 'amazon-redshift', 'essbase', 'kubernetes', 'java', 'spring-boot', 'spring', 'json', 'elk', 'logstash', 'kibana', 'gemfire', 'oracle', 'amazon-rds', 'aws-rds', 'cloud-foundry', 'jakarta-ee', 'angularjs', 'node.js', 'github', 'gradle', 'nexus', 'ansible', 'chef-infra', 'cloudfoundry-uaa', 'rabbitmq', 'cucumber']","['Annual Leave - 5 to 7 weeks', 'Tuition Reimbursement and Study Leave', 'Flexible Work Arrangements', 'Pension Scheme', 'Private Medical Insurance and Dental Insurance', 'Family Friendly: Maternity/paternity/adoption pay', 'Employee Assistance Programme: Provides confidential advice', 'Supportive and inclusive culture']"
Discover Financial Services,"Banking, Financial Services, Financial Technology",10k+ employees,1985,Public,186,"['tableau-api', 'powerbi', 'qlikview', 'teradata', 'hadoop', 'amazon-redshift', 'essbase', 'kubernetes', 'java', 'spring-boot', 'spring', 'json', 'elk', 'logstash', 'kibana', 'gemfire', 'oracle', 'amazon-rds', 'aws-rds', 'cloud-foundry', 'jakarta-ee', 'angularjs', 'node.js', 'github', 'gradle', 'nexus', 'ansible', 'chef-infra', 'cloudfoundry-uaa', 'rabbitmq', 'cucumber']","['Paid Time Off - 4 to 6 weeks per year', 'Health Insurance', 'Education Assistance', '401k Savings Plan', 'Flexible Work Arrangements', 'Onsite Health Clinics', 'Employee Assistance Program: Access to free & confidential counseling', 'Caregiving Support: Helps you find caregivers for family', 'Inclusive and uplifting culture']"
Global Industrial,"B2B Sales, eCommerce, Information Technology",1k-5k employees,1949,Public,109,"['java', 'jakarta-ee', 'spring', 'reactjs', 'next.js', 'jquery', 'css', 'oracle', 'nosql', 'jms', 'activemq', 'amazon-web-services', 'powerbi', 'microsoft-cognitive', 'sql-server', 'maven', 'git', 'python']","['Employee Stock Purchase Plan – 15% discount off market price', 'Comprehensive Wellness package', '401k with company match', 'Tuition Reimbursement', 'Inclusive culture', 'Flexible work/life balance', 'Earn up to 3 weeks-vacation & 5 personal days within the first year', 'Generous employee discount program', 'Entrepreneurial DNA - we empower you to be successful', 'Awarded Best CEO & Best Place to Work in NY']"
JPMorgan Chase & Co.,Financial Services,10k+ employees,1799,Public,1.1k,"['java', 'python', 'sql', 'devops', 'bigdata', 'mobile', 'cloud', 'microservices', 'machine-learning', 'infrastructure', 'software-design', 'javascript', 'c++', 'data-science', 'neural-network', 'nlp', 'natural-language-processi', 'processing', 'deep-learning', 'artificial-intelligence']","['Healthcare and Insurance Plans', 'Wellness Programs', 'Maternity and Paternity Leave, Adoption Assistance', 'Retirement Savings Programs', 'Paid Time Off', 'Tuition Assistance', 'Access to Arts and Entertainment Program', 'Stock Purchase Plan', 'Charitable Contribution Matching', 'Learning & Development Resources']"
PayPay Corporation.,Financial Technology,1k-5k employees,2018,Private,694,"['java', 'spring-boot', 'amazon-web-services', 'kubernetes', 'apache-kafka', 'microservices', 'jenkins', 'datadog', 'aurora', 'kibana', 'redis', 'rds', 'git', 'github', 'jira', 'agile', 'scramble', 'elasticsearch', 'load-balancing', 'android', 'ios', 'kotlin', 'scala', 'swift', 'javascript', 'restfulapi', 'python', 'go', 'typescript', 'tidb']","['Work from anywhere at anytime', 'Free Access to WeWork Office in Japan', 'Pay for Performance', 'Relocation Package (Moving Cost, Travel Tickets, Monthly Apartment)', 'Japanese/English boot camp', 'Health Insurance, Employee Benefits at PayPay called ""YG Kenpo""', 'Annual Leaves, Congratulatory Leaves & more']"
ASML,"Hardware Development, Semiconductors, Software Development / Engineering",10k+ employees,1984,Public,347,"['c#', 'java-ee', 'c++', 'c', 'python', 'oop', 'unix', 'linux', 'jboss', 'jenkins', 'maven', 'java', 'delphi', 'agile', 'scrum']","['Competitive salary', 'Paid vacation & other time off', 'Educational assistance with our Global Training & Studies Program', 'Variable pay plan', 'Comprehensive health & welfare benefits', 'Pension plan', 'Employee share purchase plan', 'Travel reimbursement', 'Employee referral bonus', 'International career opportunities']"
Thermo Fisher Scientific Careers,"Biotechnology, Pharmaceuticals, Science",10k+ employees,1956,Public,410,"['javascript', 'sql', 'python', 'artificial-intelligence', 'azure', 'analytics', 'robotics', 'encoding', 'jquery', 'amazon-web-services', 'sap', 'computer-science', 'data-science']","['Choice of national medical and dental plans, and national vision plan', 'A wellness program, and valuable health incentive opportunities', 'Tax-advantaged savings and spending accounts, commuter benefits', 'Flexible Working Policy', 'Tuition reimbursement and scholarship programs & Internal University', 'Access to our proprietary, company-paid cancer care program', 'Paid volunteer time and charitable gift matching', 'Health Savings Account, Retirement and Savings Program with match', 'Employees’ Stock Purchase Plan (ESPP)', 'Business Resource Groups (BRG)']"
"Logius, onderdeel ministerie BZK","Computer Software, Government, IT Consulting",501-1k employees,Public,44,,"['grafana', 'kibana', 'thanos', 'minio', 'harbor', 'openvpn', 'lets-encrypt', 'kubernetes', 'haproxy', 'fluentd', 'nginx', 'gitlab', 'keycloak', 'jaeger', 'f5', 'cloudnative-pg', 'prometheus', 'elasticsearch', 'sonatype', 'nexus', 'openshift', 'kubectl', 'loadbalancer', 'ingress', 'overheisnetwerk', 'sealedsecret', 'cert-manager', 'vault', 'fluent-bit', 'elastic', 'linux', 'java', 'terraform', 'postgresql', 'html', 'css', 'javascript', 'hibernate', 'jpa', 'thymeleaf', 'solr', 'solrj', 'ember.js', 'restapi', 'apigee', 'json', 'digikoppeling', 'ebms', 'tls', 'oauth', 'saml', 'pki', 'splunk', 'jira', 'drupal', 'figma', 'gartner', 'spotler', 'spss']","['Individueel keuze budget (IKB) van 16,37% over je bruto salaris', 'Hybride werken', 'SAfe Agile werkwijze', 'Werken in sprints', 'Werken voor 17 miljoen Nederlanders', 'Volledige reiskostenvergoeding', 'Een goed salaris', 'Bedrijfsfitness', 'Werken met de nieuwste technologie', 'Uitstekende secundaire arbeidsvoorwaarden conform de CAO Rijk']"
Deutsche Börse Group,"Customer Data Platform, Financial Technology, High Frequency Trading",10k+ employees,Private,103,,"['c++', 'java', 'python', 'google-cloud-platform', 'ansible', 'terraform', 'elk', 'kubernetes', 'openshift-origin']","['HYBRID WORK – our working model combines the best of both worlds', 'FLEXIBLE WORKING HOURS – we want your job to fit your life', 'HEALTH AND WELLBEING – we promote your health and offer insurances', 'DEVELOPMENT – we promote your individual development', 'INTERNATIONALITY – our #oneglobalteam is present at 55 locations', 'WORK ENVIRONMENT – find your perfect workspace in our offices', 'MOBILITY – move freely with our job tickets and job bikes', 'FINANCIAL STABILITY – we offer a Group Share Plan, bonuses and more']"
"Coder Technologies, Inc.","Enterprise Software, Software Development, Software Development / Engineering",51-200 employees,2017,VC Funded,48,"['go', 'open-source', 'typescript', 'reactjs', 'postgresql', 'linux', 'grafana', 'kubernetes', 'google-cloud-platform', 'terraform', 'amazon-web-services', 'azure', 'helm3', 'backstage', 'visual-studio-code']","['Generous medical / dental / vision coverage / FSA and HSA', '401(k) w/ 4% match', 'Fertility benefits through Carrot Fertility & generous parental leave', 'Monthly stipend for wellness', 'Monthly stipend for learning & development', 'Annual company offsite trip', 'Unlimited PTO & flexible schedule', 'Paid sabbatical every 5 years', 'Remote work from anywhere, or join our Austin or San Francisco offices', 'Annual workstation allowance for your home office']"
Kraken,Green Energy,501-1k employees,2019,VC Funded,125,"['python', 'django', 'react', 'graphql', 'postgresql']","['Flex Office', 'Profit sharing: Equity options Scheme', 'Relaxation - we don’t count your holidays here!', 'Great Culture']"
Gatekeeper,"Computer Software, Enterprise Software, Legal Technology",51-200 employees,Private,42,,"['ruby-on-rails', 'javascript', 'hotwire-rails', 'postgresql']","['Fully remote working. Our team currently spans 15 countries', 'Flexible hours to fit around your schedule and personal commitments', 'Regular retreats and meetups', 'Monthly health & wellbeing perk', 'Generous time off allowance', 'Online therapy/meditation subscription']"
RELEX Solutions,"Retail Industry, Supply Chain Management Software",1k-5k employees,2005,Private,40,"['typescript', 'react', 'redux', 'jest', 'kubernetes', 'cypress', 'java', 'ruby', 'gitlab', 'terraform']","['Flexible Working', 'Health Insurance, Occupational Health Services and Employee Assistance', 'Annual Bonus', 'Parental Leave', 'Annual Leave', 'Paid Charity Days', 'Paid Team Days', 'Cultural & Well-Being Benefits']"
Statkraft,"Energy & Commodities, Green Energy",5k-10k employees,1895,Public,59,"['c++', 'c#', 'python', 'azure', 'reactjs', 'typescript', 'angular', 'gitlab', 'kubernetes', 'databricks', 'biztalk', 'uipath', 'postgresql', 'mongodb']","['Caring and supportive work-culture', 'Flat hierarchies that offer amazing career possibilities', 'Free languages courses, sport club memberships and cabins', 'Child-care support and many part-time opportunities', 'Endless learning opportunities - digital & on-site programs', 'Health insurances and free med-check ups', 'Great compensation schemes with fair bonus systems', 'Social events, team offsites and other regular team activities', 'Subsidised canteen food and fresh fruit baskets', 'Hybrid working models and state of the art workplaces']"
ING Deutschland,"Banking, Finance, Financial Technology",5k-10k employees,1965,Public,227,"['java', 'java-ee', 'ios', 'android', 'git', 'maven', 'spring', 'python', 'oracle', 'sdk', 'scala', 'r', 'hadoop', 'microservices', 'c#', 'bigdata', 'angular', 'fitnesse', 'sql', 'wicket', 'hibernate', 'jenkins', 'cloud', 'swift', 'spring-boot', 'scrum', 'kanban', 'openshift', 'kubernetes', 'azure', 'elasticsearch', 'elastic-stack', 'prometheus', 'ansible', 'docker', 'unix', 'linux', 'apache-kafka', 'tomcat', 'jboss', 'javascript', 'html', 'elk', 'mysql', 'continuous-integration', 'continuous-delivery', 'etl', 'business-intelligence', 'automated-tests', 'plsql', 'eclipse', 'database', 'apache-spark', 'pandas', 'apache-flink', 'numpy', 'cobol', 'jakarta-ee']","['Jährlich 500 € persönliches Budget zur individuellen Weiterbildung', 'Globale IT-Community', 'Individuelle Arbeitszeitmodelle & Sabbatical', 'Jährlich 300 € Gesundheitsbudget', 'Betriebliche Altersvorsorge', 'Vermögenswirksame Leistungen', 'Deutschlandticket & Bike LeasING', 'Zuschüsse zu Pflege- und Kinderbetreuung', 'Betriebsrestaurant & kostenlose Getränke']"
MongoDB,"Computer Software, Databases, Enterprise Software",5k-10k employees,2007,Public,654,"['c++', 'c++17', 'go', 'java', 'python', 'javascript', 'reactjs', 'typescript', 'mongodb', 'mongoose', 'mongodb-query', 'rust', 'swift', 'dart', 'kotlin', '.net']","['Working models we provide: Remote, flexible or In-Office.', 'Health Care', 'Paid Parental Leave of 20+ weeks for both mothers and fathers', 'Flexible PTO policy', 'Reimburse 90% of fertility health, adoption, or surrogacy expenses', 'Ongoing Growth & Development opportunities', 'Dental & Vision Care', 'Employee Stock Purchase Program', 'Corporate Gym Discounts', 'Travel Insurance']"
American Express.,"Finance, Financial Services, Financial Technology",10k+ employees,1850,Private,665,"['java', 'python', 'hadoop', 'spark', 'ai', 'machine-learning', 'ios', 'android', 'salesforce', 'golang', 'cloud', 'kotlin', 'kubernetes', 'kafka', 'react', 'rest', 'restful', 'api', 'agile', 'graphql', 'grpc', 'postgres', 'couchbase', 'cassandra', 'elasticsearch', 'redis', 'opentracing', 'jaeger', 'prometheus', 'grafana', 'node.js', 'swift', 'chef', 'mysql', 'sql', 'javascript', 'html', 'css', 'mongodb', 'jenkins', 'c#', '.net', 'ibm', 'zos', 'reactjs', 'swiftui', 'hadoop-yarn', 'amazon-web-services', 'go', 'telemetry', 'nosql', 'postgresql', 'pyspark', 'scala', 'r', 'hiveql', 'hive', 'sas', 'aiml', 'tableau-api', 'sql-server', 'docker', 'elasticsearch-dsl', 'graphql-js', 'react-native', 'jakarta-ee', 'linux', 'unix', 'continuous-integration', 'vert.x', 'open-telemetry', 'neo4j', 'apache-flink', 'amazon-redshift', 'hbase', 'elk', 'terraform']","['Amex Flex (Hybrid Work Model)', 'Paid Time Off', 'Flexible Benefit Plan – Health, Life & Accident Insurance', 'Retirement Savings Plan (with company contributions)', 'Free Confidential Counseling Services', 'Wellness Centers & Health Living programs', 'Parental Leave & Nursing Mothers Rooms', 'Exclusive Deals and Discounts', '5 Uninterrupted Development Days/Year']"
MarketAxess,Financial Technology,501-1k employees,2000,Public,124,"['java', 'kafka', 'react', 'angular', 'javascript', 'typescript', 'python', 'linux', 'fix-protocol', 'amazon-web-services', 'ag-grid', 'snowflake-cloud-data-plat', 'sql', 'machine-learning', 'artificial-intelligence']","['Hybrid working: Mix of remote and in the office.', 'Competitive PTO package.', 'Free lunch when working in office.', 'Generous Parental Leave: Up to 20 weeks fully paid.', '401(k): Dollar-for-dollar employer match up to $17.5K.', 'Employees may purchase MarketAxess stock at a discount.', '$1K annually towards gym memberships, equipment, etc.', 'Highly competitive medical, dental, and vision programs.', 'On-site health care at our Hudson Yards location.', 'Tuition assistance and professional training.']"
MetLife,"Financial Services, Insurance",10k+ employees,1868,Public,128,"['azure', 'java', 'python', 'terraform', 'aem', 'identity-management', 'ping', 'apache', 'c#', '.net', 'javascript', 'sql', 'typescript', 'django', 'docker', 'express', 'hadoop', 'ionic-framework', 'jupyter', 'apache-kafka', 'kubernetes', 'node.js', 'oauth', 'apache-spark', 'spring', 'terraform-provider-azure', 'anaconda', 'git', 'db2', 'hbase', 'hive', 'sql-server', 'mongodb', 'oracle', 'postgresql', 'redis', 'azure-cosmosdb', 'azure-synapse', 'github', 'azure-devops', 'angular', 'apex', 'salesforce', 'adobe']","['Hybrid Work Environment', 'Complete Benefits Package (Health, Vision, Dental, Life, Disability)', '401(K) Retirement Savings Plan (with company matching)', 'MetLife Retirement Plan (after 1,000 hours in a 12-month period)', 'Generous Parental Leave and Adoption Assistance', 'Generous PTO, Paid Holidays, Paid Volunteer Time, Paid Sick Days', 'Mental Health Benefits', 'Employee Inclusion Groups', 'Virtual and local volunteer opportunities globally', 'Tuition Reimbursement Plan']"
Roblox,"Communications, Software Development, Virtual Worlds",1k-5k employees,Public,174,,"['c#', 'c++', 'lua', 'python', 'node.js', 'machine-translation', 'computer-vision', 'machine-learning', 'conversational-ai', 'artificial-intelligence', 'approximate-nn-searching', 'hive', 'trino', 'pytorch', 'tensorflow', 'kubeflow', 'redis', 'cockroachdb', 'nomad', 'consul', '.net', 'android', 'ios', 'elasticsearch', 'rust', 'ruby', 'terraform', 'haproxy', 'apache-spark', 'reactjs', 'apache-kafka']","['Robust medical, dental, and vision coverage', 'Competitive 401K matching', 'Family-forming and fertility coverage through Carrot', 'Lyra and Headspace memberships (mental health resources)', 'Care.com membership (caregiving resource)', 'Fitness reimbursement, Gympass membership & onsite gym', 'Pet insurance', 'Annual Caltrain Go Pass', 'Flexible paid time off including a 2-week end of year company closure', 'Free breakfast, lunch, and unlimited snacks onsite']"
Stack Overflow,"Advertising, Enterprise Software",501-1k employees,2008,Private,1.1k,"['c#', 'asp.net-mvc', 'redis', 'sql-server', 'elasticsearch', 'javascript', 'jquery']","['20+ days vacation to start (US), 25+ days (UK), 30+ days (Germany)', 'Completely FREE health insurance (no copay, no premiums)', 'Reimbursement for home office for all new hires', '16 weeks fully paid parental leave including parents who adopt', 'UNLIMITED sick and mental health days', 'Tuition & professional development reimbursement', '401k match', 'Bonus program', 'Flexible work schedules']"
Warner Bros. Discovery,"Broadcast, Digital Media, Entertainment",10k+ employees,Public,449,,"['java', 'spring-boot', 'javascript', 'python-3.x', 'angular', 'machine-learning', 'postgresql', 'neo4j', 'json', 'amazon-web-services', 'google-cloud-platform', 'elasticsearch', 'mysql', 'php', 'redux', 'angularjs', 'python', 'mongodb', 'node.js', 'ruby', 'reactjs', 'go', 'github', 'docker', 'kubernetes', 'selenium', 'appium', 'testrail', 'cucumber', 'crossplane', 'ffmpeg', 'kotlin', 'swift', 'c', 'opensearch', 'grafana', 'apache-kafka', 'cdn']","['Health insurance (medical, dental, vision, progyny)', 'Life insurance & disability', 'Family planning & family support', 'HSA', 'FSA', '401(k) plan', 'Commuter benefits', 'Paid company holidays', 'Vacation, sick time and various types of leave', 'Flexible work arrangements']"
Siemens AG,Industrial Automation,10k+ employees,1847,339,,"['python', 'c', 'java', 'c++', 'go', 'javascript', 'artificial-intelligence', 'amazon-web-services', 'azure', 'embedded-linux', 'rust', 'github', 'cicd', 'rest', 'http', 'security', 'industrial', 'iot', 'c#', 'node-red', 'mqtt', 'opc-ua', 'data-distribution-service', 'cloud', 'machine-learning', 'gitlab', 'kubernetes', 'vmware', 'docker', 'real-time', 'typescript', 'angular', 'reactjs']","['Promoting life-work balance', 'Supported well-being and resiliency', 'Wide range of development opportunities', 'Diverse and inclusive work environment']"
CGI (Canada),"Business Process Outsourcing, IT Consulting, System Integration",10k+ employees,1976,Private,239,"['azure', 'amazon-web-services', 'google-cloud-platform', 'oracle-cloud-infrastructu', 'devops', 'devsecops', 'sre', 'cloud', 'continuous-deployment', 'terraform', 'cloudformation', 'arm', 'ansible', 'sap', 'crm', 'java', '.net', 'spring', 'php', 'javascript', 'powerbi', 'sql-server', 'bigdata', 'wordpress', 'magento', 'angular', 'angularjs', 'view', 'python']","['Share purchase plan', 'Health insurance (short & long term disability)', 'Profit participation plan', 'Health spending account', 'Recognition of experience', 'Learning opportunities (certifications, online courses and more)', 'Social club activities', 'Health and well-being (member assistance program, telemedicine)', 'Committees (DE&I Council, Women of CGI, and more)', 'Supportive team']"
Equinor,"Energy & Utilities, Green Energy, Oil & Gas",10k+ employees,1972,Private,96,"['javascript', 'typescript', 'c#', 'python', 'sql', 'java', 'bigdata', 'data-science', 'azure', 'devops', 'linux', 'windows', 'c++', 'c']","['Promoting life-work balance', 'Supported well-being and resiliency', 'Wide range of development opportunities', 'Diverse and inclusive work environment']"
Novo Nordisk A/S,10k+ employees,1923,Public,412,,"['javascript', 'html', 'css', 'sql', 'python', 'c#', 'jquery', 'vue.js', 'node.js', '.net-core', 'mysql', 'mongodb', 'amazon-web-services', 'azure', 'azure-devops', 'ios', 'android', 'cypress', 'angular', 'cicd', 'rest']","['Working with highly skilled developers', 'Working with the latest cloud tech to drive innovation', 'Flexibility to balance your work and private life', 'Global career & development opportunities', 'Private health insurance', 'Full pay during pregnancy, maternity and paternity leave', 'A work environment focused on diversity, equity & inclusion', '6 weeks paid vacation in Denmark', 'Access to internal fitness centres, social clubs, and team events']"
Procter & Gamble,"Consumer Goods, Intelligence Hub, Product Development",10k+ employees,1837,Public,53,"['azure', 'python', 'databricks', 'spark', 'sql', 'java', 'javascript', 'typescript', 'spring', 'angular', 'react', 'web', 'development', 'front-end', 'back-end', 'analytics', 'data', 'data-modeling', 'scrum', 'devops', 'powerbi', 'cicd', 'tools', 'datawarehouse', 'cloud', 'google-cloud-platform', 'amazon-web-services', 'kubernetes', 's4hana', 'c#']","['Financial wellbeing', 'Work life balance', 'Paid time off', 'Health insurance', 'Flexible work-schedule', 'Paid parental leave', 'Training and development', 'Technical certifications support']"
Bloomberg,"Data & Analytics, Financial Technology, News",10k+ employees,1981,Private,481,"['c', 'c++', 'c#', '.net', 'java', 'javascript', 'html5', 'ruby', 'python', 'perl', 'sql', 'php', 'linux', 'hadoop', 'openstack', 'ios', 'android', 'ruby-on-rails', 'node.js', 'chef', 'puppet', 'apache', 'cloud', 'docker', 'mysql', 'apache-spark', 'solr', 'lucene', 'nlp', 'machine-learning', 'bigdata', 'open-source', 'elasticsearch', 'hbase', 'go', 'typescript', 'haskell', 'angular', 'apache-kafka', 'redis', 'kubernetes', 'postgresql', 'scala', 'ansible', 'tensorflow']","['20+ days of vacation', 'Exclusive discounts to gyms, stores & restaurants', 'Commuter/Dependent Care/Health Flex Spending Accounts', 'Unlimited snacks, fresh fruit, coffee, tea & beverages', 'Arts & Culture program with discounted or free admission', 'Career Development & Learning resources', 'Wellness, Volunteer, Diversity & Sustainability programs', 'Best-in-class Medical/Dental/Vision Insurance']"
Caterpillar Inc.,"Internet of Things, Manufacturing, Software Development / Engineering",10k+ employees,Public,438,,"['java', 'javascript', 'python', 'scala', 'sql', 'spring', 'spring-boot', 'reactjs', 'angular', 'akka', 'apache-kafka', 'apigee', 'rest', 'microservices', 'hadoop', 'apache-spark', 'bigdata', 'r', 'amazon-web-services', 'amazon-s3', 'amazon-ec2', 'aws-lambda', 'docker', 'kubernetes', 'amazon-emr', 'amazon-kinesis', 'amazon-dynamodb', 'amazon-redshift', 'snowflake-cloud-data-plat', 'amazon-aurora', 'amazon-rds', 'oracle', 'mysql', 'amazon-athena', 'aws-glue', 'elasticsearch', 'elk', 'salesforce', 'azure-devops', 'aem', 'adobe', 'e-commerce', 'aws-iot', 'machine-learning', 'computer-vision', 'natural-language-processi', 'nlp', 'iot', 'tableau-api', 'alteryx']","['Flexible and Hybrid Work options', 'Health, Dental, and Vision Benefits', 'Customized development tracks', '401(k)', 'Performance Bonus', 'Generous PTO', 'Paid Volunteer Time', 'Generous Parental Leave', 'Diversity Employee Resource Groups', 'Documented Equal Pay Policy']"
Smals,"Cloud Computing, Information Technology, Software Development",1k-5k employees,Private,127,,"['java', 'javascript', '.net', 'php', 'c#', 'symfony', 'soa', 'windows', 'cisco', 'juniper', 'solaris', 'sql', 'linux', 'oracle', 'jboss', 'apache', 'postgresql', 'redhat', 'openshift', 'bpmn', 'sharepoint', 'xml', 'eclipse', 'git', 'maven', 'cloud']","['Challenging projects with a positive impact on society', 'Innovative technologies, languages and frameworks', 'Development perspectives & training programs', 'Possibility of career reorientation and specialisation', 'A very good work-life balance with flexible working hours and telework', 'An interesting salary package based upon regular benchmarks', 'Modern offices, easily accessible by public transport', 'Team activities, sports events and CSR projects', 'Health insurance, meal-vouchers, eco-checks, pension fund', 'Company car or mobility budget']"
WirelessCar,Automotive,501-1k employees,1999,Private,128,"['amazon-web-services', 'azure', 'serverless', 'kubernetes', 'java', 'python', 'infrastructure-as-code', 'cloudformation', 'terraform', 'cicd', 'argocd', 'github-actions', 'github', 'datadog']","['6 weeks vacation', 'Market salaries, bonus, profit sharing & corporate discounts', 'Wellness contribution 5000 SEK/year', 'Internal job mobility & flexibility on where and how to work', 'Choose your OS & hardware', 'Almost exclusively work with standard, well documented technologies', '82 minutes/week (8-9 days year) to use as you wish', 'WirelessCar Tech Events, company trips, breakfasts, hackatons']"
KVK,1k-5k employees,1803,Public,53,,"['.net', 'react', 'java', 'angular', 'c#', 'typescript', 'cicd', 'java-17', 'kotlin', 'quarkus', 'openapi', 'graphql', 'kubernetes', 'gitlab', 'sql', 'cucumber', 'bizzdesign', 'javascript', 'html', 'css', 'rest', 'apis', 'nodejs', 'mobilefirstdesign', 'webpack', 'babel', 'jest', 'soap', 'selenium', 'docker', 'rancher', 'swagger', 'devops', 'azure', 'aks', 'terraform', 'azurenetworking']","['Hybride werken', 'Agile werkwijze', 'Werken in sprints', 'Werken met de nieuwste technologie', 'Werken voor 2 miljoen ondernemers', 'Goed salaris', 'Een individueel keuzebudget van 16,37% over het salaris;', 'Uitstekende secundaire arbeidsvoorwaarden conform de CAO Rijk', 'Volledige reiskostenvergoeding', '41 vakantiedagen, inclusief 12 ADV-dagen o.b.v. een 40-urige werkweek']"
Redgate Software,"Computer Software, Databases, DevOps",201-500 employees,1999,Private,178,"['.net', 'sql', 'asp.net-mvc', 'java', 'agile', 'javascript', 'reactjs', 'c#', 'kubernetes', 'docker', 'typescript', 'dapr', 'ceph']","['Access to Unmind, our wellbeing platform.', 'BUPA family health care', 'Annual travel insurance for work and leisure', 'Contributory pension scheme', 'A 6 week paid sabbatical after every 5 years', 'Income protection and life insurance', 'Company long term incentive plan', '10% time -Friday afternoons dedicated to your learning & development', 'Enhanced parental leave', 'Wellbeing allowance of £100 per month']"
UBS,"Financial Services, Financial Technology",10k+ employees,Private,104,,"['javascript', 'java', 'kotlin', 'kubernetes', 'cicd', 'python', 'postgresql', 'reactjs', 'github', 'gitlab', 'typescript', 'cloud', 'azure', 'ios', 'swift', 'objective-c', 'swiftui', 'maven', 'sql', 'nosql', 'mongodb', 'nist', 'r', 'machine-learning', 'artificial-intelligence', 'data-science', 'cloud-security']","['Working with cutting edge tech and agile practices on a global scale', 'Culture of learning and development', 'Distinguished Engineers Framework in place', 'Internal mobility possibilities', 'Career Comeback Program –  support when you re-enter corporate world', 'Hybrid working arrangements', 'Insurance coverage and wellbeing programs', 'Pension plans and an employee stock purchase plan', 'Paid leave to volunteer for community and environment', '40+ employee networks regularly communicating and hosting events']"
ZEISS Group,"Machine Learning, Medical Devices, Virtual Reality",10k+ employees,1846,Private,219,"['angular', 'swift', 'c#', 'azure', 'javascript', 'python', 'c++', 'machine-learning', 'tensorflow', 'matlab', 'cuda', 'c', 'qt', 'artificial-intelligence', 'reactjs', 'typescript', 'unity3d', 'go']","['Flexible working time models', 'Open, dialogue-oriented working culture', 'Provision of childcare services', 'Reachable by public transport', 'Various offers in the field of sports and health', 'Annual bonus with successful business development', 'Personal and Professional Development', 'Attractive salary, employer-financed company pensions', 'Great cafeterias at all major locations', 'Industrial medical service']"
Citi,"Finance, Financial Technology, Risk Management",10k+ employees,Public,192,,"['java', 'python', 'api', 'management', 'c#', 'ai', 'cloud-native', 'development', 'container', 'orchestrator', 'tools', 'event-driven-design', 'low-latency', 'aiml', 'javascript', 'typescript', 'bdd', 'agile', 'scrum', 'microservices', 'rtm', 'data-lineage', 'nosql', 'tdd', 'dynamic-analysis', 'static-analysis', 'code-coverage', 'performance-testing', 'chaos', 'user-experience', 'observability', 'velocity', 'azure-data-lake', 'golang-migrate', 'data-mesh', 'data-fabric', 'data-security']","['Medical, Dental and Vision coverage', 'Paid Time Off Packages', 'Paid Parental Leave', 'Retirement Plans', 'Life, Accident, Income Protection and Disability Insurance', 'Wellness Programs', 'Learning and Development Resources', 'Volunteer Resources and Opportunities']"
Capital One – Mexico City,"Financial Services, Financial Technology",10k+ employees,1994,Public,3,"['javascript', 'scala', 'python', 'java', 'cassandra', 'hbase', 'hadoop', 'mongodb', 'node.js', 'php', 'ruby', 'r', 'sql', 'amazon-web-services', 'tensorflow', 'typescript', 'go', 'html', 'rdbms', 'nosql', 'docker', 'kubernetes', 'spring-boot']","['Health Insurance + Wellness', 'Vacation + Paid Time Off', 'Flexibility in work schedules', 'Life and accidental death and dismemberment (AD&D) insurance', 'Vales de despensa/food vouchers', 'Anguinaldo Bonus', 'Fondo de ahorro/savings fund', 'Defined contribution pension plan', 'Associate stock purchase plan*']"
Capital One - US,"Financial Services, Financial Technology",10k+ employees,1994,Public,6,"['javascript', 'java', 'cassandra', 'hbase', 'hadoop', 'mongodb', 'node.js', 'php', 'python', 'ruby', 'r', 'scala', 'sql', 'tensorflow', 'typescript', 'go', 'html', 'rdbms', 'nosql', 'docker', 'kubernetes', 'spring-boot', 'amazon-web-services']","['Financial + Retirement', 'Child Care + Parental Leave', 'Office Perks', 'Professional Development', 'Diversity', 'Health Insurance + Wellness', 'Culture', 'Vacation + Time Off']"
